{"Full Fusion": {"val": 0.9238810387138624, "test": 0.9132877495926812}, "w/o token_count": {"val": 0.9270186291131896, "test": 0.9177333209842239}, "w/o NER features": {"val": 0.9243660057364028, "test": 0.9177061882065235}, "w/o POS features": {"val": 0.9242987927193047, "test": 0.915894364387515}, "Only token_count": {"val": 0.9225006778109098, "test": 0.9180918501666434}, "BanglaBERT Only": {"val": 0.932385459289569, "test": 0.9207691743471543}}