{"mcnemar_svm_vs_bert": {"chi_square": 0.1736111111111111, "p_value": 0.6769222390213792, "significant": false}}